Utility_ID,Electric_Utility,State
101,Pacific Gas & Electric,Unknown
102,Southern California Edison,Unknown
103,Duke Energy,Unknown
104,Florida Power & Light,Unknown
105,New York Power Authority,Unknown
106,CITY OF SEATTLE - (WA)|CITY OF TACOMA - (WA),WA
107,PUGET SOUND ENERGY INC||CITY OF TACOMA - (WA),WA
108,BONNEVILLE POWER ADMINISTRATION||PUD NO 1 OF CLARK COUNTY - (WA),WA
109,CITY OF SEATTLE - (WA)|CITY OF TACOMA - (WA),WA
110,PUGET SOUND ENERGY INC||CITY OF TACOMA - (WA),WA
111,CITY OF SEATTLE - (WA)|CITY OF TACOMA - (WA),WA
112,BONNEVILLE POWER ADMINISTRATION||PUD NO 1 OF CLARK COUNTY - (WA),WA
113,CITY OF SEATTLE - (WA)|CITY OF TACOMA - (WA),WA
114,CITY OF SEATTLE - (WA)|CITY OF TACOMA - (WA),WA
115,PUGET SOUND ENERGY INC||CITY OF TACOMA - (WA),WA
116,PUGET SOUND ENERGY INC||CITY OF TACOMA - (WA),WA
117,PUGET SOUND ENERGY INC||CITY OF TACOMA - (WA),WA
118,BONNEVILLE POWER ADMINISTRATION||PUD NO 1 OF CLARK COUNTY - (WA),WA
119,CITY OF SEATTLE - (WA)|CITY OF TACOMA - (WA),WA
120,PUGET SOUND ENERGY INC||CITY OF TACOMA - (WA),WA
121,CITY OF SEATTLE - (WA)|CITY OF TACOMA - (WA),WA
122,BONNEVILLE POWER ADMINISTRATION||PUD NO 1 OF CLARK COUNTY - (WA),WA
123,PUGET SOUND ENERGY INC||CITY OF TACOMA - (WA),WA
124,PUGET SOUND ENERGY INC||CITY OF TACOMA - (WA),WA
125,PUGET SOUND ENERGY INC||CITY OF TACOMA - (WA),WA
126,PUGET SOUND ENERGY INC||CITY OF TACOMA - (WA),WA
127,PUGET SOUND ENERGY INC||CITY OF TACOMA - (WA),WA
128,PACIFICORP,Unknown
129,PUGET SOUND ENERGY INC||CITY OF TACOMA - (WA),WA
130,PUGET SOUND ENERGY INC||CITY OF TACOMA - (WA),WA
131,PUGET SOUND ENERGY INC||CITY OF TACOMA - (WA),WA
132,CITY OF SEATTLE - (WA)|CITY OF TACOMA - (WA),WA
133,BONNEVILLE POWER ADMINISTRATION||PUD NO 1 OF CLARK COUNTY - (WA),WA
134,PUGET SOUND ENERGY INC||CITY OF TACOMA - (WA),WA
135,PUGET SOUND ENERGY INC,Unknown
136,PUGET SOUND ENERGY INC||CITY OF TACOMA - (WA),WA
137,BONNEVILLE POWER ADMINISTRATION||PUD NO 1 OF CLARK COUNTY - (WA),WA
138,PUGET SOUND ENERGY INC||CITY OF TACOMA - (WA),WA
139,PUGET SOUND ENERGY INC||CITY OF TACOMA - (WA),WA
140,PUGET SOUND ENERGY INC||CITY OF TACOMA - (WA),WA
141,CITY OF SEATTLE - (WA)|CITY OF TACOMA - (WA),WA
142,CITY OF SEATTLE - (WA)|CITY OF TACOMA - (WA),WA
143,PUGET SOUND ENERGY INC||CITY OF TACOMA - (WA),WA
144,CITY OF SEATTLE - (WA)|CITY OF TACOMA - (WA),WA
145,PUGET SOUND ENERGY INC||CITY OF TACOMA - (WA),WA
146,PUGET SOUND ENERGY INC,Unknown
147,CITY OF SEATTLE - (WA)|CITY OF TACOMA - (WA),WA
148,PUGET SOUND ENERGY INC||CITY OF TACOMA - (WA),WA
149,PUGET SOUND ENERGY INC||CITY OF TACOMA - (WA),WA
150,PUGET SOUND ENERGY INC||CITY OF TACOMA - (WA),WA
151,BONNEVILLE POWER ADMINISTRATION||PUD NO 1 OF CLARK COUNTY - (WA),WA
152,BONNEVILLE POWER ADMINISTRATION||PUD NO 1 OF KLICKITAT COUNTY,Unknown
153,PUGET SOUND ENERGY INC,Unknown
154,PUGET SOUND ENERGY INC,Unknown
155,PUGET SOUND ENERGY INC||CITY OF TACOMA - (WA),WA
156,PACIFICORP,Unknown
157,CITY OF SEATTLE - (WA)|CITY OF TACOMA - (WA),WA
158,PUGET SOUND ENERGY INC||CITY OF TACOMA - (WA),WA
159,PUGET SOUND ENERGY INC||CITY OF TACOMA - (WA),WA
160,BONNEVILLE POWER ADMINISTRATION||PUGET SOUND ENERGY INC||PUD NO 1 OF JEFFERSON COUNTY,Unknown
161,PUGET SOUND ENERGY INC||CITY OF TACOMA - (WA),WA
162,CITY OF SEATTLE - (WA)|CITY OF TACOMA - (WA),WA
163,PUGET SOUND ENERGY INC,Unknown
164,CITY OF SEATTLE - (WA)|CITY OF TACOMA - (WA),WA
165,PUGET SOUND ENERGY INC,Unknown
166,PUGET SOUND ENERGY INC,Unknown
167,PUGET SOUND ENERGY INC||CITY OF TACOMA - (WA),WA
168,PUGET SOUND ENERGY INC||CITY OF TACOMA - (WA),WA
169,PUGET SOUND ENERGY INC||CITY OF TACOMA - (WA),WA
170,BONNEVILLE POWER ADMINISTRATION||PUD NO 1 OF CLARK COUNTY - (WA),WA
171,PUGET SOUND ENERGY INC,Unknown
172,PUGET SOUND ENERGY INC,Unknown
173,CITY OF SEATTLE - (WA)|CITY OF TACOMA - (WA),WA
174,BONNEVILLE POWER ADMINISTRATION||PUD NO 1 OF CLARK COUNTY - (WA),WA
175,PUGET SOUND ENERGY INC,Unknown
176,PUGET SOUND ENERGY INC||CITY OF TACOMA - (WA),WA
177,PUGET SOUND ENERGY INC||CITY OF TACOMA - (WA),WA
178,PUGET SOUND ENERGY INC||CITY OF TACOMA - (WA),WA
179,PUGET SOUND ENERGY INC||CITY OF TACOMA - (WA),WA
180,PUGET SOUND ENERGY INC||CITY OF TACOMA - (WA),WA
181,BONNEVILLE POWER ADMINISTRATION||PUD NO 1 OF COWLITZ COUNTY,Unknown
182,CITY OF SEATTLE - (WA)|CITY OF TACOMA - (WA),WA
183,PUGET SOUND ENERGY INC||CITY OF TACOMA - (WA),WA
184,CITY OF SEATTLE - (WA)|CITY OF TACOMA - (WA),WA
185,PUGET SOUND ENERGY INC||CITY OF TACOMA - (WA),WA
186,CITY OF SEATTLE - (WA)|CITY OF TACOMA - (WA),WA
187,PUGET SOUND ENERGY INC||CITY OF TACOMA - (WA),WA
188,PUGET SOUND ENERGY INC||CITY OF TACOMA - (WA),WA
189,PUGET SOUND ENERGY INC||CITY OF TACOMA - (WA),WA
190,PUGET SOUND ENERGY INC||CITY OF TACOMA - (WA),WA
191,PUGET SOUND ENERGY INC,Unknown
192,PUGET SOUND ENERGY INC||CITY OF TACOMA - (WA),WA
193,CITY OF SEATTLE - (WA)|CITY OF TACOMA - (WA),WA
194,PUGET SOUND ENERGY INC||CITY OF TACOMA - (WA),WA
195,PUGET SOUND ENERGY INC||CITY OF TACOMA - (WA),WA
196,BONNEVILLE POWER ADMINISTRATION||PUD NO 1 OF CLARK COUNTY - (WA),WA
197,PUGET SOUND ENERGY INC||CITY OF TACOMA - (WA),WA
198,BONNEVILLE POWER ADMINISTRATION||PUD NO 1 OF CLARK COUNTY - (WA),WA
199,CITY OF SEATTLE - (WA)|CITY OF TACOMA - (WA),WA
200,PUGET SOUND ENERGY INC,Unknown
201,PUGET SOUND ENERGY INC||CITY OF TACOMA - (WA),WA
202,PUGET SOUND ENERGY INC||CITY OF TACOMA - (WA),WA
203,PUGET SOUND ENERGY INC||CITY OF TACOMA - (WA),WA
204,PUGET SOUND ENERGY INC||CITY OF TACOMA - (WA),WA
205,PUGET SOUND ENERGY INC||CITY OF TACOMA - (WA),WA
206,PUGET SOUND ENERGY INC||CITY OF TACOMA - (WA),WA
207,CITY OF SEATTLE - (WA)|CITY OF TACOMA - (WA),WA
208,PUGET SOUND ENERGY INC||CITY OF TACOMA - (WA),WA
209,PUGET SOUND ENERGY INC,Unknown
210,CITY OF SEATTLE - (WA)|CITY OF TACOMA - (WA),WA
211,CITY OF SEATTLE - (WA)|CITY OF TACOMA - (WA),WA
212,PUGET SOUND ENERGY INC||CITY OF TACOMA - (WA),WA
213,PUGET SOUND ENERGY INC,Unknown
214,PUGET SOUND ENERGY INC||CITY OF TACOMA - (WA),WA
215,CITY OF SEATTLE - (WA)|CITY OF TACOMA - (WA),WA
216,BONNEVILLE POWER ADMINISTRATION||PUD NO 1 OF CLARK COUNTY - (WA),WA
217,PUGET SOUND ENERGY INC||CITY OF TACOMA - (WA),WA
218,BONNEVILLE POWER ADMINISTRATION||PUD NO 1 OF CLARK COUNTY - (WA),WA
219,PUGET SOUND ENERGY INC||CITY OF TACOMA - (WA),WA
220,PUGET SOUND ENERGY INC,Unknown
221,PUGET SOUND ENERGY INC||CITY OF TACOMA - (WA),WA
222,PUGET SOUND ENERGY INC||CITY OF TACOMA - (WA),WA
223,PUGET SOUND ENERGY INC,Unknown
224,PUGET SOUND ENERGY INC||CITY OF TACOMA - (WA),WA
225,PUGET SOUND ENERGY INC||CITY OF TACOMA - (WA),WA
226,PUGET SOUND ENERGY INC||CITY OF TACOMA - (WA),WA
227,PUGET SOUND ENERGY INC||CITY OF TACOMA - (WA),WA
228,CITY OF SEATTLE - (WA)|CITY OF TACOMA - (WA),WA
229,PUGET SOUND ENERGY INC,Unknown
230,PUGET SOUND ENERGY INC||CITY OF TACOMA - (WA),WA
231,BONNEVILLE POWER ADMINISTRATION||PUD NO 1 OF CLARK COUNTY - (WA),WA
232,PUGET SOUND ENERGY INC||CITY OF TACOMA - (WA),WA
233,PUGET SOUND ENERGY INC,Unknown
234,CITY OF SEATTLE - (WA)|CITY OF TACOMA - (WA),WA
235,PUGET SOUND ENERGY INC||CITY OF TACOMA - (WA),WA
236,PUGET SOUND ENERGY INC||CITY OF TACOMA - (WA),WA
237,PUGET SOUND ENERGY INC||CITY OF TACOMA - (WA),WA
238,PUGET SOUND ENERGY INC||CITY OF TACOMA - (WA),WA
239,PUGET SOUND ENERGY INC||CITY OF TACOMA - (WA),WA
240,PUGET SOUND ENERGY INC||CITY OF TACOMA - (WA),WA
241,PUGET SOUND ENERGY INC||CITY OF TACOMA - (WA),WA
242,PUGET SOUND ENERGY INC,Unknown
243,CITY OF SEATTLE - (WA)|CITY OF TACOMA - (WA),WA
244,PUGET SOUND ENERGY INC,Unknown
245,BONNEVILLE POWER ADMINISTRATION||PUD NO 1 OF CLARK COUNTY - (WA),WA
246,PUGET SOUND ENERGY INC,Unknown
247,PUGET SOUND ENERGY INC||CITY OF TACOMA - (WA),WA
248,CITY OF SEATTLE - (WA)|CITY OF TACOMA - (WA),WA
249,PUGET SOUND ENERGY INC||CITY OF TACOMA - (WA),WA
250,CITY OF SEATTLE - (WA)|CITY OF TACOMA - (WA),WA
251,CITY OF SEATTLE - (WA)|CITY OF TACOMA - (WA),WA
252,PUGET SOUND ENERGY INC,Unknown
253,CITY OF SEATTLE - (WA)|CITY OF TACOMA - (WA),WA
254,PUGET SOUND ENERGY INC||CITY OF TACOMA - (WA),WA
255,PUGET SOUND ENERGY INC||CITY OF TACOMA - (WA),WA
256,PUGET SOUND ENERGY INC||CITY OF TACOMA - (WA),WA
257,CITY OF SEATTLE - (WA)|CITY OF TACOMA - (WA),WA
258,PUGET SOUND ENERGY INC||CITY OF TACOMA - (WA),WA
259,PUGET SOUND ENERGY INC,Unknown
260,PUGET SOUND ENERGY INC,Unknown
261,BONNEVILLE POWER ADMINISTRATION||PUD NO 1 OF CLARK COUNTY - (WA),WA
262,CITY OF SEATTLE - (WA)|CITY OF TACOMA - (WA),WA
263,CITY OF SEATTLE - (WA)|CITY OF TACOMA - (WA),WA
264,CITY OF SEATTLE - (WA)|CITY OF TACOMA - (WA),WA
265,PUGET SOUND ENERGY INC||CITY OF TACOMA - (WA),WA
266,PUGET SOUND ENERGY INC||CITY OF TACOMA - (WA),WA
267,PUGET SOUND ENERGY INC||CITY OF TACOMA - (WA),WA
268,BONNEVILLE POWER ADMINISTRATION||PUD NO 1 OF CLARK COUNTY - (WA),WA
269,PUGET SOUND ENERGY INC,Unknown
270,CITY OF SEATTLE - (WA)|CITY OF TACOMA - (WA),WA
271,PUGET SOUND ENERGY INC||CITY OF TACOMA - (WA),WA
272,BONNEVILLE POWER ADMINISTRATION||PUD NO 1 OF CLARK COUNTY - (WA),WA
273,PUGET SOUND ENERGY INC||CITY OF TACOMA - (WA),WA
274,BONNEVILLE POWER ADMINISTRATION||PUD NO 1 OF CLARK COUNTY - (WA),WA
275,PUGET SOUND ENERGY INC||CITY OF TACOMA - (WA),WA
276,BONNEVILLE POWER ADMINISTRATION||PUGET SOUND ENERGY INC||PUD NO 1 OF JEFFERSON COUNTY,Unknown
277,PUGET SOUND ENERGY INC||CITY OF TACOMA - (WA),WA
278,PUGET SOUND ENERGY INC||CITY OF TACOMA - (WA),WA
279,CITY OF SEATTLE - (WA)|CITY OF TACOMA - (WA),WA
280,CITY OF SEATTLE - (WA)|CITY OF TACOMA - (WA),WA
281,PUGET SOUND ENERGY INC||CITY OF TACOMA - (WA),WA
282,PUGET SOUND ENERGY INC||CITY OF TACOMA - (WA),WA
283,BONNEVILLE POWER ADMINISTRATION||PUD NO 1 OF CLARK COUNTY - (WA),WA
284,PUGET SOUND ENERGY INC||CITY OF TACOMA - (WA),WA
285,BONNEVILLE POWER ADMINISTRATION||PUD NO 1 OF CLARK COUNTY - (WA),WA
286,PUGET SOUND ENERGY INC,Unknown
287,PUGET SOUND ENERGY INC||CITY OF TACOMA - (WA),WA
288,PUGET SOUND ENERGY INC||CITY OF TACOMA - (WA),WA
289,CITY OF SEATTLE - (WA)|CITY OF TACOMA - (WA),WA
290,PUGET SOUND ENERGY INC,Unknown
291,PUGET SOUND ENERGY INC||CITY OF TACOMA - (WA),WA
292,PUGET SOUND ENERGY INC,Unknown
293,PUGET SOUND ENERGY INC||CITY OF TACOMA - (WA),WA
294,CITY OF SEATTLE - (WA)|CITY OF TACOMA - (WA),WA
295,PUGET SOUND ENERGY INC,Unknown
296,PUGET SOUND ENERGY INC||CITY OF TACOMA - (WA),WA
297,PUGET SOUND ENERGY INC||CITY OF TACOMA - (WA),WA
298,CITY OF SEATTLE - (WA)|CITY OF TACOMA - (WA),WA
299,CITY OF SEATTLE - (WA)|CITY OF TACOMA - (WA),WA
300,PUGET SOUND ENERGY INC||CITY OF TACOMA - (WA),WA
301,PUGET SOUND ENERGY INC||CITY OF TACOMA - (WA),WA
302,BONNEVILLE POWER ADMINISTRATION||PUD NO 1 OF CLARK COUNTY - (WA),WA
303,PUGET SOUND ENERGY INC||CITY OF TACOMA - (WA),WA
304,CITY OF SEATTLE - (WA)|CITY OF TACOMA - (WA),WA
305,PUGET SOUND ENERGY INC||CITY OF TACOMA - (WA),WA
306,CITY OF SEATTLE - (WA)|CITY OF TACOMA - (WA),WA
307,PUGET SOUND ENERGY INC||CITY OF TACOMA - (WA),WA
308,PUGET SOUND ENERGY INC||CITY OF TACOMA - (WA),WA
309,PUGET SOUND ENERGY INC||CITY OF TACOMA - (WA),WA
310,PUGET SOUND ENERGY INC||CITY OF TACOMA - (WA),WA
311,PUGET SOUND ENERGY INC||CITY OF TACOMA - (WA),WA
312,CITY OF SEATTLE - (WA)|CITY OF TACOMA - (WA),WA
313,CITY OF SEATTLE - (WA)|CITY OF TACOMA - (WA),WA
314,PUGET SOUND ENERGY INC||CITY OF TACOMA - (WA),WA
315,CITY OF SEATTLE - (WA)|CITY OF TACOMA - (WA),WA
316,CITY OF SEATTLE - (WA)|CITY OF TACOMA - (WA),WA
317,PUGET SOUND ENERGY INC||CITY OF TACOMA - (WA),WA
318,PUGET SOUND ENERGY INC,Unknown
319,CITY OF SEATTLE - (WA)|CITY OF TACOMA - (WA),WA
320,CITY OF SEATTLE - (WA)|CITY OF TACOMA - (WA),WA
321,PUGET SOUND ENERGY INC,Unknown
322,PUGET SOUND ENERGY INC||CITY OF TACOMA - (WA),WA
323,CITY OF SEATTLE - (WA)|CITY OF TACOMA - (WA),WA
324,PUGET SOUND ENERGY INC||CITY OF TACOMA - (WA),WA
325,PUGET SOUND ENERGY INC||CITY OF TACOMA - (WA),WA
326,CITY OF SEATTLE - (WA)|CITY OF TACOMA - (WA),WA
327,CITY OF SEATTLE - (WA)|CITY OF TACOMA - (WA),WA
328,CITY OF SEATTLE - (WA)|CITY OF TACOMA - (WA),WA
329,PUGET SOUND ENERGY INC||CITY OF TACOMA - (WA),WA
330,CITY OF SEATTLE - (WA)|CITY OF TACOMA - (WA),WA
331,CITY OF SEATTLE - (WA)|CITY OF TACOMA - (WA),WA
332,PUGET SOUND ENERGY INC||CITY OF TACOMA - (WA),WA
333,PUGET SOUND ENERGY INC||CITY OF TACOMA - (WA),WA
334,BONNEVILLE POWER ADMINISTRATION||PUD NO 1 OF CLARK COUNTY - (WA),WA
335,PUGET SOUND ENERGY INC||CITY OF TACOMA - (WA),WA
336,PUGET SOUND ENERGY INC||CITY OF TACOMA - (WA),WA
337,PUGET SOUND ENERGY INC,Unknown
338,PUGET SOUND ENERGY INC||CITY OF TACOMA - (WA),WA
339,PUGET SOUND ENERGY INC||CITY OF TACOMA - (WA),WA
340,PUGET SOUND ENERGY INC||CITY OF TACOMA - (WA),WA
341,PUGET SOUND ENERGY INC||CITY OF TACOMA - (WA),WA
342,PUGET SOUND ENERGY INC||CITY OF TACOMA - (WA),WA
343,PUGET SOUND ENERGY INC||CITY OF TACOMA - (WA),WA
344,PUGET SOUND ENERGY INC||CITY OF TACOMA - (WA),WA
345,PUGET SOUND ENERGY INC||CITY OF TACOMA - (WA),WA
346,PUGET SOUND ENERGY INC,Unknown
347,PUGET SOUND ENERGY INC||CITY OF TACOMA - (WA),WA
348,CITY OF SEATTLE - (WA)|CITY OF TACOMA - (WA),WA
349,CITY OF SEATTLE - (WA)|CITY OF TACOMA - (WA),WA
350,CITY OF SEATTLE - (WA)|CITY OF TACOMA - (WA),WA
351,PUGET SOUND ENERGY INC||CITY OF TACOMA - (WA),WA
352,PUGET SOUND ENERGY INC||CITY OF TACOMA - (WA),WA
353,PUGET SOUND ENERGY INC||CITY OF TACOMA - (WA),WA
354,PUGET SOUND ENERGY INC||CITY OF TACOMA - (WA),WA
355,PUGET SOUND ENERGY INC,Unknown
356,PUGET SOUND ENERGY INC||CITY OF TACOMA - (WA),WA
357,PUGET SOUND ENERGY INC||CITY OF TACOMA - (WA),WA
358,CITY OF SEATTLE - (WA)|CITY OF TACOMA - (WA),WA
359,PUGET SOUND ENERGY INC||CITY OF TACOMA - (WA),WA
360,PUGET SOUND ENERGY INC||CITY OF TACOMA - (WA),WA
361,CITY OF SEATTLE - (WA)|CITY OF TACOMA - (WA),WA
362,CITY OF SEATTLE - (WA)|CITY OF TACOMA - (WA),WA
363,CITY OF SEATTLE - (WA)|CITY OF TACOMA - (WA),WA
364,PUGET SOUND ENERGY INC||CITY OF TACOMA - (WA),WA
365,PUGET SOUND ENERGY INC||CITY OF TACOMA - (WA),WA
366,PUGET SOUND ENERGY INC||CITY OF TACOMA - (WA),WA
367,PUGET SOUND ENERGY INC||CITY OF TACOMA - (WA),WA
368,PUGET SOUND ENERGY INC||CITY OF TACOMA - (WA),WA
369,PUGET SOUND ENERGY INC||CITY OF TACOMA - (WA),WA
370,PUGET SOUND ENERGY INC||CITY OF TACOMA - (WA),WA
371,PUGET SOUND ENERGY INC,Unknown
372,BONNEVILLE POWER ADMINISTRATION||PUD NO 1 OF CLARK COUNTY - (WA),WA
373,PUGET SOUND ENERGY INC||CITY OF TACOMA - (WA),WA
374,PUGET SOUND ENERGY INC,Unknown
375,CITY OF SEATTLE - (WA)|CITY OF TACOMA - (WA),WA
376,CITY OF SEATTLE - (WA)|CITY OF TACOMA - (WA),WA
377,PUGET SOUND ENERGY INC||CITY OF TACOMA - (WA),WA
378,PUGET SOUND ENERGY INC||CITY OF TACOMA - (WA),WA
379,PUGET SOUND ENERGY INC||CITY OF TACOMA - (WA),WA
380,PUGET SOUND ENERGY INC,Unknown
381,CITY OF SEATTLE - (WA)|CITY OF TACOMA - (WA),WA
382,PUGET SOUND ENERGY INC||CITY OF TACOMA - (WA),WA
383,PUGET SOUND ENERGY INC||CITY OF TACOMA - (WA),WA
384,PUGET SOUND ENERGY INC,Unknown
385,CITY OF SEATTLE - (WA)|CITY OF TACOMA - (WA),WA
386,PUGET SOUND ENERGY INC||CITY OF TACOMA - (WA),WA
387,CITY OF SEATTLE - (WA)|CITY OF TACOMA - (WA),WA
388,PUGET SOUND ENERGY INC||CITY OF TACOMA - (WA),WA
389,PUGET SOUND ENERGY INC||CITY OF TACOMA - (WA),WA
390,PUGET SOUND ENERGY INC||CITY OF TACOMA - (WA),WA
391,PUGET SOUND ENERGY INC||CITY OF TACOMA - (WA),WA
392,CITY OF SEATTLE - (WA)|CITY OF TACOMA - (WA),WA
393,PUGET SOUND ENERGY INC||CITY OF TACOMA - (WA),WA
394,CITY OF SEATTLE - (WA)|CITY OF TACOMA - (WA),WA
395,PACIFICORP,Unknown
396,PUGET SOUND ENERGY INC||CITY OF TACOMA - (WA),WA
397,CITY OF SEATTLE - (WA)|CITY OF TACOMA - (WA),WA
398,PUGET SOUND ENERGY INC||CITY OF TACOMA - (WA),WA
399,PUGET SOUND ENERGY INC||CITY OF TACOMA - (WA),WA
400,CITY OF SEATTLE - (WA)|CITY OF TACOMA - (WA),WA
401,BONNEVILLE POWER ADMINISTRATION||PUD NO 1 OF CLARK COUNTY - (WA),WA
402,BONNEVILLE POWER ADMINISTRATION||PUD NO 1 OF COWLITZ COUNTY,Unknown
403,PUGET SOUND ENERGY INC||CITY OF TACOMA - (WA),WA
404,CITY OF SEATTLE - (WA)|CITY OF TACOMA - (WA),WA
405,BONNEVILLE POWER ADMINISTRATION||PUD NO 1 OF CLARK COUNTY - (WA),WA
406,PUGET SOUND ENERGY INC||CITY OF TACOMA - (WA),WA
407,BONNEVILLE POWER ADMINISTRATION||PUD NO 1 OF CLARK COUNTY - (WA),WA
408,CITY OF SEATTLE - (WA)|CITY OF TACOMA - (WA),WA
409,PUGET SOUND ENERGY INC,Unknown
410,PUGET SOUND ENERGY INC||CITY OF TACOMA - (WA),WA
411,PUGET SOUND ENERGY INC||CITY OF TACOMA - (WA),WA
412,PUGET SOUND ENERGY INC||CITY OF TACOMA - (WA),WA
413,PUGET SOUND ENERGY INC,Unknown
414,PUGET SOUND ENERGY INC||CITY OF TACOMA - (WA),WA
415,BONNEVILLE POWER ADMINISTRATION||PUD NO 1 OF CLARK COUNTY - (WA),WA
416,PUGET SOUND ENERGY INC||CITY OF TACOMA - (WA),WA
417,PUGET SOUND ENERGY INC||CITY OF TACOMA - (WA),WA
418,PUGET SOUND ENERGY INC||CITY OF TACOMA - (WA),WA
419,PUGET SOUND ENERGY INC||CITY OF TACOMA - (WA),WA
420,PUGET SOUND ENERGY INC||CITY OF TACOMA - (WA),WA
421,PUGET SOUND ENERGY INC,Unknown
422,BONNEVILLE POWER ADMINISTRATION||PUD 1 OF SNOHOMISH COUNTY,Unknown
423,PUGET SOUND ENERGY INC,Unknown
424,PUGET SOUND ENERGY INC||CITY OF TACOMA - (WA),WA
425,PUGET SOUND ENERGY INC||CITY OF TACOMA - (WA),WA
426,PUGET SOUND ENERGY INC||CITY OF TACOMA - (WA),WA
427,PUGET SOUND ENERGY INC||CITY OF TACOMA - (WA),WA
428,PUGET SOUND ENERGY INC||CITY OF TACOMA - (WA),WA
429,PUGET SOUND ENERGY INC||CITY OF TACOMA - (WA),WA
430,PUGET SOUND ENERGY INC||CITY OF TACOMA - (WA),WA
431,PUGET SOUND ENERGY INC||CITY OF TACOMA - (WA),WA
432,CITY OF SEATTLE - (WA)|CITY OF TACOMA - (WA),WA
433,PUGET SOUND ENERGY INC||CITY OF TACOMA - (WA),WA
434,BONNEVILLE POWER ADMINISTRATION||PUD NO 1 OF CLARK COUNTY - (WA),WA
435,PUGET SOUND ENERGY INC,Unknown
436,PUGET SOUND ENERGY INC||CITY OF TACOMA - (WA),WA
437,PUGET SOUND ENERGY INC||CITY OF TACOMA - (WA),WA
438,PUGET SOUND ENERGY INC||CITY OF TACOMA - (WA),WA
439,BONNEVILLE POWER ADMINISTRATION||PUD NO 1 OF CLARK COUNTY - (WA),WA
440,PUGET SOUND ENERGY INC||CITY OF TACOMA - (WA),WA
441,PUGET SOUND ENERGY INC||CITY OF TACOMA - (WA),WA
442,BONNEVILLE POWER ADMINISTRATION||PUD NO 1 OF CLARK COUNTY - (WA),WA
443,PUGET SOUND ENERGY INC||CITY OF TACOMA - (WA),WA
444,PUGET SOUND ENERGY INC||CITY OF TACOMA - (WA),WA
445,CITY OF SEATTLE - (WA)|CITY OF TACOMA - (WA),WA
446,PUGET SOUND ENERGY INC||CITY OF TACOMA - (WA),WA
447,PUGET SOUND ENERGY INC||CITY OF TACOMA - (WA),WA
448,PUGET SOUND ENERGY INC,Unknown
449,PUGET SOUND ENERGY INC||CITY OF TACOMA - (WA),WA
450,PUGET SOUND ENERGY INC||CITY OF TACOMA - (WA),WA
451,PUGET SOUND ENERGY INC||CITY OF TACOMA - (WA),WA
452,CITY OF SEATTLE - (WA)|CITY OF TACOMA - (WA),WA
453,PUGET SOUND ENERGY INC,Unknown
454,PUGET SOUND ENERGY INC,Unknown
455,PUGET SOUND ENERGY INC,Unknown
456,PUGET SOUND ENERGY INC||CITY OF TACOMA - (WA),WA
457,PUGET SOUND ENERGY INC||CITY OF TACOMA - (WA),WA
458,PUGET SOUND ENERGY INC||CITY OF TACOMA - (WA),WA
459,PUGET SOUND ENERGY INC||CITY OF TACOMA - (WA),WA
460,CITY OF SEATTLE - (WA)|CITY OF TACOMA - (WA),WA
461,PUGET SOUND ENERGY INC||CITY OF TACOMA - (WA),WA
462,PUGET SOUND ENERGY INC||CITY OF TACOMA - (WA),WA
463,PUGET SOUND ENERGY INC,Unknown
464,PUGET SOUND ENERGY INC||CITY OF TACOMA - (WA),WA
465,PUGET SOUND ENERGY INC,Unknown
466,CITY OF SEATTLE - (WA)|CITY OF TACOMA - (WA),WA
467,PUGET SOUND ENERGY INC,Unknown
468,PUGET SOUND ENERGY INC||CITY OF TACOMA - (WA),WA
469,PUGET SOUND ENERGY INC||CITY OF TACOMA - (WA),WA
470,PUGET SOUND ENERGY INC||CITY OF TACOMA - (WA),WA
471,CITY OF SEATTLE - (WA)|CITY OF TACOMA - (WA),WA
472,PUGET SOUND ENERGY INC||CITY OF TACOMA - (WA),WA
473,PUGET SOUND ENERGY INC||CITY OF TACOMA - (WA),WA
474,PUGET SOUND ENERGY INC||CITY OF TACOMA - (WA),WA
475,PUGET SOUND ENERGY INC||CITY OF TACOMA - (WA),WA
476,PUGET SOUND ENERGY INC||CITY OF TACOMA - (WA),WA
477,CITY OF SEATTLE - (WA)|CITY OF TACOMA - (WA),WA
478,PUGET SOUND ENERGY INC||CITY OF TACOMA - (WA),WA
479,PUGET SOUND ENERGY INC||CITY OF TACOMA - (WA),WA
480,PACIFICORP,Unknown
481,PUGET SOUND ENERGY INC||CITY OF TACOMA - (WA),WA
482,PUGET SOUND ENERGY INC,Unknown
483,BONNEVILLE POWER ADMINISTRATION||PUD NO 1 OF CLARK COUNTY - (WA),WA
484,PUGET SOUND ENERGY INC||CITY OF TACOMA - (WA),WA
485,PUGET SOUND ENERGY INC||CITY OF TACOMA - (WA),WA
486,PUGET SOUND ENERGY INC||CITY OF TACOMA - (WA),WA
487,PUGET SOUND ENERGY INC||CITY OF TACOMA - (WA),WA
488,PUGET SOUND ENERGY INC||CITY OF TACOMA - (WA),WA
489,CITY OF SEATTLE - (WA)|CITY OF TACOMA - (WA),WA
490,PUGET SOUND ENERGY INC||CITY OF TACOMA - (WA),WA
491,PUGET SOUND ENERGY INC||CITY OF TACOMA - (WA),WA
492,CITY OF SEATTLE - (WA)|CITY OF TACOMA - (WA),WA
493,PUGET SOUND ENERGY INC||CITY OF TACOMA - (WA),WA
494,PUGET SOUND ENERGY INC,Unknown
495,PUGET SOUND ENERGY INC||CITY OF TACOMA - (WA),WA
496,PUGET SOUND ENERGY INC||CITY OF TACOMA - (WA),WA
497,PUGET SOUND ENERGY INC||CITY OF TACOMA - (WA),WA
498,PUGET SOUND ENERGY INC,Unknown
499,PUGET SOUND ENERGY INC||CITY OF TACOMA - (WA),WA
500,PUGET SOUND ENERGY INC||CITY OF TACOMA - (WA),WA
501,PUGET SOUND ENERGY INC,Unknown
502,PUGET SOUND ENERGY INC,Unknown
503,CITY OF SEATTLE - (WA)|CITY OF TACOMA - (WA),WA
504,PUGET SOUND ENERGY INC||CITY OF TACOMA - (WA),WA
505,PUGET SOUND ENERGY INC||CITY OF TACOMA - (WA),WA
506,BONNEVILLE POWER ADMINISTRATION||PUD NO 1 OF CLALLAM COUNTY,Unknown
507,CITY OF SEATTLE - (WA)|CITY OF TACOMA - (WA),WA
508,PUGET SOUND ENERGY INC||CITY OF TACOMA - (WA),WA
509,BONNEVILLE POWER ADMINISTRATION||PUD NO 1 OF CLARK COUNTY - (WA),WA
510,CITY OF SEATTLE - (WA)|CITY OF TACOMA - (WA),WA
511,PUGET SOUND ENERGY INC||CITY OF TACOMA - (WA),WA
512,PUGET SOUND ENERGY INC||CITY OF TACOMA - (WA),WA
513,PUGET SOUND ENERGY INC,Unknown
514,PUGET SOUND ENERGY INC||CITY OF TACOMA - (WA),WA
515,CITY OF SEATTLE - (WA)|CITY OF TACOMA - (WA),WA
516,PUGET SOUND ENERGY INC||CITY OF TACOMA - (WA),WA
517,PUGET SOUND ENERGY INC||CITY OF TACOMA - (WA),WA
518,PACIFICORP,Unknown
519,PUGET SOUND ENERGY INC||CITY OF TACOMA - (WA),WA
520,PUGET SOUND ENERGY INC||CITY OF TACOMA - (WA),WA
521,BONNEVILLE POWER ADMINISTRATION||PUD NO 1 OF KLICKITAT COUNTY,Unknown
522,PUGET SOUND ENERGY INC||CITY OF TACOMA - (WA),WA
523,PUGET SOUND ENERGY INC||CITY OF TACOMA - (WA),WA
524,PUGET SOUND ENERGY INC||CITY OF TACOMA - (WA),WA
525,CITY OF SEATTLE - (WA)|CITY OF TACOMA - (WA),WA
526,PUGET SOUND ENERGY INC||CITY OF TACOMA - (WA),WA
527,PUGET SOUND ENERGY INC,Unknown
528,PUGET SOUND ENERGY INC,Unknown
529,PUGET SOUND ENERGY INC||CITY OF TACOMA - (WA),WA
530,PUGET SOUND ENERGY INC||CITY OF TACOMA - (WA),WA
531,BONNEVILLE POWER ADMINISTRATION||PUD NO 1 OF CLARK COUNTY - (WA),WA
532,PUGET SOUND ENERGY INC||CITY OF TACOMA - (WA),WA
533,PUGET SOUND ENERGY INC,Unknown
534,PUGET SOUND ENERGY INC||CITY OF TACOMA - (WA),WA
535,BONNEVILLE POWER ADMINISTRATION||PUD NO 1 OF COWLITZ COUNTY,Unknown
536,CITY OF SEATTLE - (WA)|CITY OF TACOMA - (WA),WA
537,PUGET SOUND ENERGY INC||CITY OF TACOMA - (WA),WA
538,CITY OF SEATTLE - (WA)|CITY OF TACOMA - (WA),WA
539,PUGET SOUND ENERGY INC||CITY OF TACOMA - (WA),WA
540,BONNEVILLE POWER ADMINISTRATION||PUD NO 1 OF CLARK COUNTY - (WA),WA
541,PUGET SOUND ENERGY INC||CITY OF TACOMA - (WA),WA
542,PUGET SOUND ENERGY INC||CITY OF TACOMA - (WA),WA
543,PUGET SOUND ENERGY INC||CITY OF TACOMA - (WA),WA
544,PUGET SOUND ENERGY INC||CITY OF TACOMA - (WA),WA
545,PUGET SOUND ENERGY INC||CITY OF TACOMA - (WA),WA
546,PUGET SOUND ENERGY INC||CITY OF TACOMA - (WA),WA
547,PUGET SOUND ENERGY INC||CITY OF TACOMA - (WA),WA
548,PUGET SOUND ENERGY INC||CITY OF TACOMA - (WA),WA
549,PUGET SOUND ENERGY INC||CITY OF TACOMA - (WA),WA
550,CITY OF SEATTLE - (WA)|CITY OF TACOMA - (WA),WA
551,CITY OF SEATTLE - (WA)|CITY OF TACOMA - (WA),WA
552,PUGET SOUND ENERGY INC||CITY OF TACOMA - (WA),WA
553,PUGET SOUND ENERGY INC||CITY OF TACOMA - (WA),WA
554,CITY OF SEATTLE - (WA)|CITY OF TACOMA - (WA),WA
555,PUGET SOUND ENERGY INC||CITY OF TACOMA - (WA),WA
556,PUGET SOUND ENERGY INC||CITY OF TACOMA - (WA),WA
557,CITY OF SEATTLE - (WA)|CITY OF TACOMA - (WA),WA
558,PUGET SOUND ENERGY INC||CITY OF TACOMA - (WA),WA
559,PUGET SOUND ENERGY INC,Unknown
560,PUGET SOUND ENERGY INC||CITY OF TACOMA - (WA),WA
561,CITY OF SEATTLE - (WA)|CITY OF TACOMA - (WA),WA
562,CITY OF SEATTLE - (WA)|CITY OF TACOMA - (WA),WA
563,BONNEVILLE POWER ADMINISTRATION||PUD NO 1 OF CLARK COUNTY - (WA),WA
564,PUGET SOUND ENERGY INC,Unknown
565,CITY OF SEATTLE - (WA)|CITY OF TACOMA - (WA),WA
566,PUGET SOUND ENERGY INC||CITY OF TACOMA - (WA),WA
567,PUGET SOUND ENERGY INC,Unknown
568,PUGET SOUND ENERGY INC||CITY OF TACOMA - (WA),WA
569,PUGET SOUND ENERGY INC||CITY OF TACOMA - (WA),WA
570,PUGET SOUND ENERGY INC||CITY OF TACOMA - (WA),WA
571,CITY OF SEATTLE - (WA)|CITY OF TACOMA - (WA),WA
572,PUGET SOUND ENERGY INC||CITY OF TACOMA - (WA),WA
573,CITY OF SEATTLE - (WA)|CITY OF TACOMA - (WA),WA
574,PUGET SOUND ENERGY INC,Unknown
575,CITY OF SEATTLE - (WA)|CITY OF TACOMA - (WA),WA
576,PUGET SOUND ENERGY INC||CITY OF TACOMA - (WA),WA
577,PUGET SOUND ENERGY INC,Unknown
578,PUGET SOUND ENERGY INC,Unknown
579,PUGET SOUND ENERGY INC||CITY OF TACOMA - (WA),WA
580,CITY OF SEATTLE - (WA)|CITY OF TACOMA - (WA),WA
581,PUGET SOUND ENERGY INC||CITY OF TACOMA - (WA),WA
582,PUGET SOUND ENERGY INC||CITY OF TACOMA - (WA),WA
583,PUGET SOUND ENERGY INC||CITY OF TACOMA - (WA),WA
584,PUGET SOUND ENERGY INC||CITY OF TACOMA - (WA),WA
585,PUGET SOUND ENERGY INC||CITY OF TACOMA - (WA),WA
586,PUGET SOUND ENERGY INC||CITY OF TACOMA - (WA),WA
587,PUGET SOUND ENERGY INC||CITY OF TACOMA - (WA),WA
588,PUGET SOUND ENERGY INC,Unknown
589,PUGET SOUND ENERGY INC,Unknown
590,BONNEVILLE POWER ADMINISTRATION||PUD NO 1 OF CLARK COUNTY - (WA),WA
591,BONNEVILLE POWER ADMINISTRATION||PUD NO 1 OF CLARK COUNTY - (WA),WA
592,PUGET SOUND ENERGY INC||CITY OF TACOMA - (WA),WA
593,CITY OF SEATTLE - (WA)|CITY OF TACOMA - (WA),WA
594,CITY OF SEATTLE - (WA)|CITY OF TACOMA - (WA),WA
595,CITY OF SEATTLE - (WA)|CITY OF TACOMA - (WA),WA
596,PUGET SOUND ENERGY INC||CITY OF TACOMA - (WA),WA
597,BONNEVILLE POWER ADMINISTRATION||PUD NO 1 OF CLARK COUNTY - (WA),WA
598,PUGET SOUND ENERGY INC,Unknown
599,PUGET SOUND ENERGY INC||CITY OF TACOMA - (WA),WA
600,PUGET SOUND ENERGY INC||CITY OF TACOMA - (WA),WA
601,PUGET SOUND ENERGY INC||CITY OF TACOMA - (WA),WA
602,PUGET SOUND ENERGY INC||CITY OF TACOMA - (WA),WA
603,PUGET SOUND ENERGY INC||CITY OF TACOMA - (WA),WA
604,CITY OF SEATTLE - (WA)|CITY OF TACOMA - (WA),WA
605,PUGET SOUND ENERGY INC||CITY OF TACOMA - (WA),WA
606,PUGET SOUND ENERGY INC||CITY OF TACOMA - (WA),WA
607,PUGET SOUND ENERGY INC||CITY OF TACOMA - (WA),WA
608,CITY OF SEATTLE - (WA)|CITY OF TACOMA - (WA),WA
609,PUGET SOUND ENERGY INC||CITY OF TACOMA - (WA),WA
610,PUGET SOUND ENERGY INC||CITY OF TACOMA - (WA),WA
611,BONNEVILLE POWER ADMINISTRATION||PUD NO 1 OF CLARK COUNTY - (WA),WA
612,CITY OF SEATTLE - (WA)|CITY OF TACOMA - (WA),WA
613,PUGET SOUND ENERGY INC,Unknown
614,CITY OF SEATTLE - (WA)|CITY OF TACOMA - (WA),WA
615,CITY OF SEATTLE - (WA)|CITY OF TACOMA - (WA),WA
616,PUGET SOUND ENERGY INC||CITY OF TACOMA - (WA),WA
617,PUGET SOUND ENERGY INC,Unknown
618,BONNEVILLE POWER ADMINISTRATION||PUD NO 1 OF COWLITZ COUNTY,Unknown
619,PUGET SOUND ENERGY INC||CITY OF TACOMA - (WA),WA
620,BONNEVILLE POWER ADMINISTRATION||PUD NO 1 OF CLARK COUNTY - (WA),WA
621,PUGET SOUND ENERGY INC||CITY OF TACOMA - (WA),WA
622,PUGET SOUND ENERGY INC||CITY OF TACOMA - (WA),WA
623,PUGET SOUND ENERGY INC||CITY OF TACOMA - (WA),WA
624,PUGET SOUND ENERGY INC||CITY OF TACOMA - (WA),WA
625,CITY OF SEATTLE - (WA)|CITY OF TACOMA - (WA),WA
626,PUGET SOUND ENERGY INC||CITY OF TACOMA - (WA),WA
627,PUGET SOUND ENERGY INC||CITY OF TACOMA - (WA),WA
628,PUGET SOUND ENERGY INC||CITY OF TACOMA - (WA),WA
629,CITY OF SEATTLE - (WA)|CITY OF TACOMA - (WA),WA
630,PUGET SOUND ENERGY INC||CITY OF TACOMA - (WA),WA
631,PUGET SOUND ENERGY INC||CITY OF TACOMA - (WA),WA
632,PUGET SOUND ENERGY INC||CITY OF TACOMA - (WA),WA
633,PUGET SOUND ENERGY INC||CITY OF TACOMA - (WA),WA
634,CITY OF SEATTLE - (WA)|CITY OF TACOMA - (WA),WA
635,PUGET SOUND ENERGY INC||CITY OF TACOMA - (WA),WA
636,CITY OF SEATTLE - (WA)|CITY OF TACOMA - (WA),WA
637,PUGET SOUND ENERGY INC||CITY OF TACOMA - (WA),WA
638,PUGET SOUND ENERGY INC||CITY OF TACOMA - (WA),WA
639,CITY OF SEATTLE - (WA)|CITY OF TACOMA - (WA),WA
640,CITY OF SEATTLE - (WA)|CITY OF TACOMA - (WA),WA
641,PUGET SOUND ENERGY INC||CITY OF TACOMA - (WA),WA
642,PUGET SOUND ENERGY INC||CITY OF TACOMA - (WA),WA
643,PUGET SOUND ENERGY INC||CITY OF TACOMA - (WA),WA
644,PUGET SOUND ENERGY INC||CITY OF TACOMA - (WA),WA
645,BONNEVILLE POWER ADMINISTRATION||PUD NO 1 OF CLARK COUNTY - (WA),WA
646,BONNEVILLE POWER ADMINISTRATION||PUD NO 1 OF CLARK COUNTY - (WA),WA
647,PUGET SOUND ENERGY INC||CITY OF TACOMA - (WA),WA
648,BONNEVILLE POWER ADMINISTRATION||PUD 1 OF SNOHOMISH COUNTY,Unknown
649,PUGET SOUND ENERGY INC||CITY OF TACOMA - (WA),WA
650,CITY OF SEATTLE - (WA)|CITY OF TACOMA - (WA),WA
651,CITY OF SEATTLE - (WA)|CITY OF TACOMA - (WA),WA
652,BONNEVILLE POWER ADMINISTRATION||PUD NO 1 OF CLARK COUNTY - (WA),WA
653,CITY OF SEATTLE - (WA)|CITY OF TACOMA - (WA),WA
654,PUGET SOUND ENERGY INC||CITY OF TACOMA - (WA),WA
655,BONNEVILLE POWER ADMINISTRATION||PUD NO 1 OF CLARK COUNTY - (WA),WA
656,CITY OF SEATTLE - (WA)|CITY OF TACOMA - (WA),WA
657,PUGET SOUND ENERGY INC||CITY OF TACOMA - (WA),WA
658,PUGET SOUND ENERGY INC||CITY OF TACOMA - (WA),WA
659,PUGET SOUND ENERGY INC||CITY OF TACOMA - (WA),WA
660,PUGET SOUND ENERGY INC||CITY OF TACOMA - (WA),WA
661,CITY OF SEATTLE - (WA)|CITY OF TACOMA - (WA),WA
662,PUGET SOUND ENERGY INC||CITY OF TACOMA - (WA),WA
663,PUGET SOUND ENERGY INC||CITY OF TACOMA - (WA),WA
664,PUGET SOUND ENERGY INC,Unknown
665,PUGET SOUND ENERGY INC||CITY OF TACOMA - (WA),WA
666,CITY OF SEATTLE - (WA)|CITY OF TACOMA - (WA),WA
667,PUGET SOUND ENERGY INC||CITY OF TACOMA - (WA),WA
668,PUGET SOUND ENERGY INC||CITY OF TACOMA - (WA),WA
669,PUGET SOUND ENERGY INC||CITY OF TACOMA - (WA),WA
670,PUGET SOUND ENERGY INC||CITY OF TACOMA - (WA),WA
671,PUGET SOUND ENERGY INC||CITY OF TACOMA - (WA),WA
672,PUGET SOUND ENERGY INC||CITY OF TACOMA - (WA),WA
673,PUGET SOUND ENERGY INC,Unknown
674,PUGET SOUND ENERGY INC||CITY OF TACOMA - (WA),WA
675,PUGET SOUND ENERGY INC||CITY OF TACOMA - (WA),WA
676,BONNEVILLE POWER ADMINISTRATION||PUGET SOUND ENERGY INC||PUD NO 1 OF JEFFERSON COUNTY,Unknown
677,PUGET SOUND ENERGY INC||CITY OF TACOMA - (WA),WA
678,PUGET SOUND ENERGY INC,Unknown
679,PUGET SOUND ENERGY INC||CITY OF TACOMA - (WA),WA
680,PUGET SOUND ENERGY INC,Unknown
681,PUGET SOUND ENERGY INC||CITY OF TACOMA - (WA),WA
682,BONNEVILLE POWER ADMINISTRATION||PUD NO 1 OF CLARK COUNTY - (WA),WA
683,PUGET SOUND ENERGY INC,Unknown
684,PUGET SOUND ENERGY INC||CITY OF TACOMA - (WA),WA
685,CITY OF SEATTLE - (WA)|CITY OF TACOMA - (WA),WA
686,BONNEVILLE POWER ADMINISTRATION||PUD NO 1 OF CLARK COUNTY - (WA),WA
687,PUGET SOUND ENERGY INC||CITY OF TACOMA - (WA),WA
688,BONNEVILLE POWER ADMINISTRATION||PUD NO 1 OF CLARK COUNTY - (WA),WA
689,PUGET SOUND ENERGY INC||CITY OF TACOMA - (WA),WA
690,CITY OF SEATTLE - (WA)|CITY OF TACOMA - (WA),WA
691,PUGET SOUND ENERGY INC||CITY OF TACOMA - (WA),WA
692,PUGET SOUND ENERGY INC||CITY OF TACOMA - (WA),WA
693,CITY OF SEATTLE - (WA)|CITY OF TACOMA - (WA),WA
694,CITY OF SEATTLE - (WA)|CITY OF TACOMA - (WA),WA
695,PUGET SOUND ENERGY INC||CITY OF TACOMA - (WA),WA
696,PUGET SOUND ENERGY INC||CITY OF TACOMA - (WA),WA
697,PUGET SOUND ENERGY INC||CITY OF TACOMA - (WA),WA
698,PUGET SOUND ENERGY INC,Unknown
699,PUGET SOUND ENERGY INC||CITY OF TACOMA - (WA),WA
700,PUGET SOUND ENERGY INC||CITY OF TACOMA - (WA),WA
701,PUGET SOUND ENERGY INC||CITY OF TACOMA - (WA),WA
702,PUGET SOUND ENERGY INC||CITY OF TACOMA - (WA),WA
703,PUGET SOUND ENERGY INC||CITY OF TACOMA - (WA),WA
704,PUGET SOUND ENERGY INC,Unknown
705,PUGET SOUND ENERGY INC||CITY OF TACOMA - (WA),WA
706,PUGET SOUND ENERGY INC||CITY OF TACOMA - (WA),WA
707,PUGET SOUND ENERGY INC||CITY OF TACOMA - (WA),WA
708,BONNEVILLE POWER ADMINISTRATION||PUD NO 1 OF CLARK COUNTY - (WA),WA
709,PUGET SOUND ENERGY INC||CITY OF TACOMA - (WA),WA
710,CITY OF SEATTLE - (WA)|CITY OF TACOMA - (WA),WA
711,CITY OF SEATTLE - (WA)|CITY OF TACOMA - (WA),WA
712,CITY OF SEATTLE - (WA)|CITY OF TACOMA - (WA),WA
713,PUGET SOUND ENERGY INC,Unknown
714,CITY OF SEATTLE - (WA)|CITY OF TACOMA - (WA),WA
715,PUGET SOUND ENERGY INC||CITY OF TACOMA - (WA),WA
716,BONNEVILLE POWER ADMINISTRATION||PUD NO 1 OF COWLITZ COUNTY,Unknown
717,PUGET SOUND ENERGY INC,Unknown
718,PUGET SOUND ENERGY INC,Unknown
719,CITY OF SEATTLE - (WA)|CITY OF TACOMA - (WA),WA
720,PUGET SOUND ENERGY INC||CITY OF TACOMA - (WA),WA
721,BONNEVILLE POWER ADMINISTRATION||PUD NO 1 OF CLARK COUNTY - (WA),WA
722,PUGET SOUND ENERGY INC,Unknown
723,PUGET SOUND ENERGY INC||CITY OF TACOMA - (WA),WA
724,PUGET SOUND ENERGY INC,Unknown
725,PUGET SOUND ENERGY INC,Unknown
726,PUGET SOUND ENERGY INC||CITY OF TACOMA - (WA),WA
727,CITY OF SEATTLE - (WA)|CITY OF TACOMA - (WA),WA
728,PUGET SOUND ENERGY INC||CITY OF TACOMA - (WA),WA
729,CITY OF SEATTLE - (WA)|CITY OF TACOMA - (WA),WA
730,PUGET SOUND ENERGY INC||CITY OF TACOMA - (WA),WA
731,CITY OF SEATTLE - (WA)|CITY OF TACOMA - (WA),WA
732,CITY OF SEATTLE - (WA)|CITY OF TACOMA - (WA),WA
733,PUGET SOUND ENERGY INC,Unknown
734,CITY OF SEATTLE - (WA)|CITY OF TACOMA - (WA),WA
735,CITY OF SEATTLE - (WA)|CITY OF TACOMA - (WA),WA
736,CITY OF SEATTLE - (WA)|CITY OF TACOMA - (WA),WA
737,BONNEVILLE POWER ADMINISTRATION||PUD NO 1 OF CLARK COUNTY - (WA),WA
738,PUGET SOUND ENERGY INC,Unknown
739,PUGET SOUND ENERGY INC,Unknown
740,CITY OF SEATTLE - (WA)|CITY OF TACOMA - (WA),WA
741,PUGET SOUND ENERGY INC||CITY OF TACOMA - (WA),WA
742,PUGET SOUND ENERGY INC||CITY OF TACOMA - (WA),WA
743,PUGET SOUND ENERGY INC||CITY OF TACOMA - (WA),WA
744,PACIFICORP,Unknown
745,PUGET SOUND ENERGY INC||CITY OF TACOMA - (WA),WA
746,PUGET SOUND ENERGY INC||CITY OF TACOMA - (WA),WA
747,PUGET SOUND ENERGY INC||CITY OF TACOMA - (WA),WA
748,PUGET SOUND ENERGY INC||CITY OF TACOMA - (WA),WA
749,PUGET SOUND ENERGY INC||CITY OF TACOMA - (WA),WA
750,PUGET SOUND ENERGY INC,Unknown
751,PUGET SOUND ENERGY INC||CITY OF TACOMA - (WA),WA
752,PUGET SOUND ENERGY INC||CITY OF TACOMA - (WA),WA
753,PUGET SOUND ENERGY INC||CITY OF TACOMA - (WA),WA
754,BONNEVILLE POWER ADMINISTRATION||PUD NO 1 OF COWLITZ COUNTY,Unknown
755,PUGET SOUND ENERGY INC||CITY OF TACOMA - (WA),WA
756,CITY OF SEATTLE - (WA)|CITY OF TACOMA - (WA),WA
757,BONNEVILLE POWER ADMINISTRATION||PUD NO 1 OF CLARK COUNTY - (WA),WA
758,CITY OF SEATTLE - (WA)|CITY OF TACOMA - (WA),WA
759,CITY OF SEATTLE - (WA)|CITY OF TACOMA - (WA),WA
760,PUGET SOUND ENERGY INC,Unknown
761,PUGET SOUND ENERGY INC||CITY OF TACOMA - (WA),WA
762,PUGET SOUND ENERGY INC||CITY OF TACOMA - (WA),WA
763,CITY OF SEATTLE - (WA)|CITY OF TACOMA - (WA),WA
764,PUGET SOUND ENERGY INC||CITY OF TACOMA - (WA),WA
765,PUGET SOUND ENERGY INC||CITY OF TACOMA - (WA),WA
766,PUGET SOUND ENERGY INC||CITY OF TACOMA - (WA),WA
767,PUGET SOUND ENERGY INC||CITY OF TACOMA - (WA),WA
768,PUGET SOUND ENERGY INC||CITY OF TACOMA - (WA),WA
769,PUGET SOUND ENERGY INC||CITY OF TACOMA - (WA),WA
770,PUGET SOUND ENERGY INC||CITY OF TACOMA - (WA),WA
771,PUGET SOUND ENERGY INC||CITY OF TACOMA - (WA),WA
772,PUGET SOUND ENERGY INC||CITY OF TACOMA - (WA),WA
773,CITY OF SEATTLE - (WA)|CITY OF TACOMA - (WA),WA
774,PUGET SOUND ENERGY INC||CITY OF TACOMA - (WA),WA
775,PUGET SOUND ENERGY INC||CITY OF TACOMA - (WA),WA
776,PUGET SOUND ENERGY INC||CITY OF TACOMA - (WA),WA
777,CITY OF SEATTLE - (WA)|CITY OF TACOMA - (WA),WA
778,CITY OF SEATTLE - (WA)|CITY OF TACOMA - (WA),WA
779,PUGET SOUND ENERGY INC,Unknown
780,CITY OF SEATTLE - (WA)|CITY OF TACOMA - (WA),WA
781,PUGET SOUND ENERGY INC||CITY OF TACOMA - (WA),WA
782,BONNEVILLE POWER ADMINISTRATION||PUD NO 1 OF CLARK COUNTY - (WA),WA
783,PUGET SOUND ENERGY INC||CITY OF TACOMA - (WA),WA
784,CITY OF SEATTLE - (WA)|CITY OF TACOMA - (WA),WA
785,PUGET SOUND ENERGY INC,Unknown
786,PUGET SOUND ENERGY INC||CITY OF TACOMA - (WA),WA
787,PUGET SOUND ENERGY INC||CITY OF TACOMA - (WA),WA
788,PUGET SOUND ENERGY INC||CITY OF TACOMA - (WA),WA
789,CITY OF SEATTLE - (WA)|CITY OF TACOMA - (WA),WA
790,PUGET SOUND ENERGY INC||CITY OF TACOMA - (WA),WA
791,BONNEVILLE POWER ADMINISTRATION||PUGET SOUND ENERGY INC||PUD NO 1 OF JEFFERSON COUNTY,Unknown
792,CITY OF SEATTLE - (WA)|CITY OF TACOMA - (WA),WA
793,PUGET SOUND ENERGY INC||CITY OF TACOMA - (WA),WA
794,PUGET SOUND ENERGY INC||CITY OF TACOMA - (WA),WA
795,CITY OF SEATTLE - (WA)|CITY OF TACOMA - (WA),WA
796,CITY OF SEATTLE - (WA)|CITY OF TACOMA - (WA),WA
797,PUGET SOUND ENERGY INC||CITY OF TACOMA - (WA),WA
798,PUGET SOUND ENERGY INC||CITY OF TACOMA - (WA),WA
799,PUGET SOUND ENERGY INC||CITY OF TACOMA - (WA),WA
800,PUGET SOUND ENERGY INC||CITY OF TACOMA - (WA),WA
801,CITY OF SEATTLE - (WA)|CITY OF TACOMA - (WA),WA
802,BONNEVILLE POWER ADMINISTRATION||PUD NO 1 OF CLARK COUNTY - (WA),WA
803,PUGET SOUND ENERGY INC||CITY OF TACOMA - (WA),WA
804,PUGET SOUND ENERGY INC||CITY OF TACOMA - (WA),WA
805,PUGET SOUND ENERGY INC||CITY OF TACOMA - (WA),WA
806,PUGET SOUND ENERGY INC||CITY OF TACOMA - (WA),WA
807,CITY OF SEATTLE - (WA)|CITY OF TACOMA - (WA),WA
808,PUGET SOUND ENERGY INC,Unknown
809,PUGET SOUND ENERGY INC||CITY OF TACOMA - (WA),WA
810,PUGET SOUND ENERGY INC||CITY OF TACOMA - (WA),WA
811,BONNEVILLE POWER ADMINISTRATION||PUD NO 1 OF CLARK COUNTY - (WA),WA
812,PUGET SOUND ENERGY INC||CITY OF TACOMA - (WA),WA
813,CITY OF SEATTLE - (WA)|CITY OF TACOMA - (WA),WA
814,PUGET SOUND ENERGY INC||CITY OF TACOMA - (WA),WA
815,PUGET SOUND ENERGY INC||CITY OF TACOMA - (WA),WA
816,CITY OF SEATTLE - (WA)|CITY OF TACOMA - (WA),WA
817,PUGET SOUND ENERGY INC||CITY OF TACOMA - (WA),WA
818,PUGET SOUND ENERGY INC||CITY OF TACOMA - (WA),WA
819,PUGET SOUND ENERGY INC||CITY OF TACOMA - (WA),WA
820,BONNEVILLE POWER ADMINISTRATION||PUD NO 1 OF CLARK COUNTY - (WA),WA
821,PUGET SOUND ENERGY INC||CITY OF TACOMA - (WA),WA
822,PUGET SOUND ENERGY INC||CITY OF TACOMA - (WA),WA
823,PUGET SOUND ENERGY INC||CITY OF TACOMA - (WA),WA
824,PUGET SOUND ENERGY INC,Unknown
825,PUGET SOUND ENERGY INC||CITY OF TACOMA - (WA),WA
826,PUGET SOUND ENERGY INC||CITY OF TACOMA - (WA),WA
827,PUGET SOUND ENERGY INC||CITY OF TACOMA - (WA),WA
828,PUGET SOUND ENERGY INC,Unknown
829,CITY OF SEATTLE - (WA)|CITY OF TACOMA - (WA),WA
830,PUGET SOUND ENERGY INC||CITY OF TACOMA - (WA),WA
831,PUGET SOUND ENERGY INC||CITY OF TACOMA - (WA),WA
832,BONNEVILLE POWER ADMINISTRATION||PUD NO 1 OF CLARK COUNTY - (WA),WA
833,BONNEVILLE POWER ADMINISTRATION||PUGET SOUND ENERGY INC||PUD NO 1 OF JEFFERSON COUNTY,Unknown
834,PUGET SOUND ENERGY INC||CITY OF TACOMA - (WA),WA
835,BONNEVILLE POWER ADMINISTRATION||PUD NO 1 OF CLARK COUNTY - (WA),WA
836,CITY OF SEATTLE - (WA)|CITY OF TACOMA - (WA),WA
837,CITY OF SEATTLE - (WA)|CITY OF TACOMA - (WA),WA
838,CITY OF SEATTLE - (WA)|CITY OF TACOMA - (WA),WA
839,CITY OF SEATTLE - (WA)|CITY OF TACOMA - (WA),WA
840,BONNEVILLE POWER ADMINISTRATION||PUD NO 1 OF CLARK COUNTY - (WA),WA
841,PUGET SOUND ENERGY INC||CITY OF TACOMA - (WA),WA
842,PUGET SOUND ENERGY INC||CITY OF TACOMA - (WA),WA
843,PUGET SOUND ENERGY INC||CITY OF TACOMA - (WA),WA
844,PUGET SOUND ENERGY INC||CITY OF TACOMA - (WA),WA
845,CITY OF SEATTLE - (WA)|CITY OF TACOMA - (WA),WA
846,PUGET SOUND ENERGY INC,Unknown
847,CITY OF SEATTLE - (WA)|CITY OF TACOMA - (WA),WA
848,PUGET SOUND ENERGY INC||CITY OF TACOMA - (WA),WA
849,PUGET SOUND ENERGY INC||CITY OF TACOMA - (WA),WA
850,CITY OF SEATTLE - (WA)|CITY OF TACOMA - (WA),WA
851,PUGET SOUND ENERGY INC||CITY OF TACOMA - (WA),WA
852,PUGET SOUND ENERGY INC||CITY OF TACOMA - (WA),WA
853,CITY OF SEATTLE - (WA)|CITY OF TACOMA - (WA),WA
854,PUGET SOUND ENERGY INC||CITY OF TACOMA - (WA),WA
855,CITY OF SEATTLE - (WA)|CITY OF TACOMA - (WA),WA
856,PUGET SOUND ENERGY INC||CITY OF TACOMA - (WA),WA
857,BONNEVILLE POWER ADMINISTRATION||PUD NO 1 OF CLARK COUNTY - (WA),WA
858,CITY OF SEATTLE - (WA)|CITY OF TACOMA - (WA),WA
859,PUGET SOUND ENERGY INC||CITY OF TACOMA - (WA),WA
860,PUGET SOUND ENERGY INC,Unknown
861,PUGET SOUND ENERGY INC,Unknown
862,PUGET SOUND ENERGY INC,Unknown
863,BONNEVILLE POWER ADMINISTRATION||PUD NO 1 OF CLARK COUNTY - (WA),WA
864,BONNEVILLE POWER ADMINISTRATION||PUD NO 1 OF CLARK COUNTY - (WA),WA
865,PUGET SOUND ENERGY INC,Unknown
866,CITY OF SEATTLE - (WA)|CITY OF TACOMA - (WA),WA
867,PUGET SOUND ENERGY INC||CITY OF TACOMA - (WA),WA
868,BONNEVILLE POWER ADMINISTRATION||PUD NO 1 OF CLARK COUNTY - (WA),WA
869,PUGET SOUND ENERGY INC||CITY OF TACOMA - (WA),WA
870,PUGET SOUND ENERGY INC,Unknown
871,PUGET SOUND ENERGY INC||CITY OF TACOMA - (WA),WA
872,CITY OF SEATTLE - (WA)|CITY OF TACOMA - (WA),WA
873,PUGET SOUND ENERGY INC||CITY OF TACOMA - (WA),WA
874,PUGET SOUND ENERGY INC||CITY OF TACOMA - (WA),WA
875,PUGET SOUND ENERGY INC||CITY OF TACOMA - (WA),WA
876,CITY OF SEATTLE - (WA)|CITY OF TACOMA - (WA),WA
877,PUGET SOUND ENERGY INC||CITY OF TACOMA - (WA),WA
878,PUGET SOUND ENERGY INC||CITY OF TACOMA - (WA),WA
879,CITY OF SEATTLE - (WA)|CITY OF TACOMA - (WA),WA
880,PUGET SOUND ENERGY INC||CITY OF TACOMA - (WA),WA
881,PUGET SOUND ENERGY INC||CITY OF TACOMA - (WA),WA
882,CITY OF SEATTLE - (WA)|CITY OF TACOMA - (WA),WA
883,CITY OF SEATTLE - (WA)|CITY OF TACOMA - (WA),WA
884,PUGET SOUND ENERGY INC,Unknown
885,PUGET SOUND ENERGY INC||CITY OF TACOMA - (WA),WA
886,PUGET SOUND ENERGY INC||CITY OF TACOMA - (WA),WA
887,PUGET SOUND ENERGY INC||CITY OF TACOMA - (WA),WA
888,CITY OF SEATTLE - (WA)|CITY OF TACOMA - (WA),WA
889,BONNEVILLE POWER ADMINISTRATION||PUD NO 1 OF CLARK COUNTY - (WA),WA
890,PUGET SOUND ENERGY INC,Unknown
891,PUGET SOUND ENERGY INC,Unknown
892,CITY OF SEATTLE - (WA)|CITY OF TACOMA - (WA),WA
893,BONNEVILLE POWER ADMINISTRATION||PUD NO 1 OF CLARK COUNTY - (WA),WA
894,PUGET SOUND ENERGY INC||CITY OF TACOMA - (WA),WA
895,PUGET SOUND ENERGY INC||CITY OF TACOMA - (WA),WA
896,CITY OF SEATTLE - (WA)|CITY OF TACOMA - (WA),WA
897,CITY OF SEATTLE - (WA)|CITY OF TACOMA - (WA),WA
898,PUGET SOUND ENERGY INC||CITY OF TACOMA - (WA),WA
899,CITY OF SEATTLE - (WA)|CITY OF TACOMA - (WA),WA
900,PUGET SOUND ENERGY INC||CITY OF TACOMA - (WA),WA
901,PUGET SOUND ENERGY INC||CITY OF TACOMA - (WA),WA
902,PUGET SOUND ENERGY INC||CITY OF TACOMA - (WA),WA
903,PUGET SOUND ENERGY INC||CITY OF TACOMA - (WA),WA
904,CITY OF SEATTLE - (WA)|CITY OF TACOMA - (WA),WA
905,PUGET SOUND ENERGY INC||CITY OF TACOMA - (WA),WA
906,PUGET SOUND ENERGY INC||CITY OF TACOMA - (WA),WA
907,PUGET SOUND ENERGY INC||CITY OF TACOMA - (WA),WA
908,BONNEVILLE POWER ADMINISTRATION||PUD NO 1 OF CLARK COUNTY - (WA),WA
909,PUGET SOUND ENERGY INC||CITY OF TACOMA - (WA),WA
910,PUGET SOUND ENERGY INC||CITY OF TACOMA - (WA),WA
911,PUGET SOUND ENERGY INC||CITY OF TACOMA - (WA),WA
912,PUGET SOUND ENERGY INC||CITY OF TACOMA - (WA),WA
913,PUGET SOUND ENERGY INC||CITY OF TACOMA - (WA),WA
914,CITY OF SEATTLE - (WA)|CITY OF TACOMA - (WA),WA
915,PUGET SOUND ENERGY INC,Unknown
916,PUGET SOUND ENERGY INC,Unknown
917,PUGET SOUND ENERGY INC||CITY OF TACOMA - (WA),WA
918,PUGET SOUND ENERGY INC,Unknown
919,PUGET SOUND ENERGY INC||CITY OF TACOMA - (WA),WA
920,PUGET SOUND ENERGY INC||CITY OF TACOMA - (WA),WA
921,PUGET SOUND ENERGY INC||CITY OF TACOMA - (WA),WA
922,PUGET SOUND ENERGY INC||CITY OF TACOMA - (WA),WA
923,PUGET SOUND ENERGY INC||CITY OF TACOMA - (WA),WA
924,PUGET SOUND ENERGY INC||CITY OF TACOMA - (WA),WA
925,PUGET SOUND ENERGY INC||CITY OF TACOMA - (WA),WA
926,CITY OF SEATTLE - (WA)|CITY OF TACOMA - (WA),WA
927,BONNEVILLE POWER ADMINISTRATION||PUGET SOUND ENERGY INC||PUD NO 1 OF JEFFERSON COUNTY,Unknown
928,PUGET SOUND ENERGY INC||CITY OF TACOMA - (WA),WA
929,PUGET SOUND ENERGY INC||CITY OF TACOMA - (WA),WA
930,CITY OF SEATTLE - (WA)|CITY OF TACOMA - (WA),WA
931,PUGET SOUND ENERGY INC||CITY OF TACOMA - (WA),WA
932,PUGET SOUND ENERGY INC||CITY OF TACOMA - (WA),WA
933,PUGET SOUND ENERGY INC||CITY OF TACOMA - (WA),WA
934,PUGET SOUND ENERGY INC||CITY OF TACOMA - (WA),WA
935,CITY OF SEATTLE - (WA)|CITY OF TACOMA - (WA),WA
936,PUGET SOUND ENERGY INC||CITY OF TACOMA - (WA),WA
937,PUGET SOUND ENERGY INC||CITY OF TACOMA - (WA),WA
938,PUGET SOUND ENERGY INC||CITY OF TACOMA - (WA),WA
939,CITY OF SEATTLE - (WA)|CITY OF TACOMA - (WA),WA
940,PUGET SOUND ENERGY INC,Unknown
941,PUGET SOUND ENERGY INC||CITY OF TACOMA - (WA),WA
942,BONNEVILLE POWER ADMINISTRATION||PUD NO 1 OF CLARK COUNTY - (WA),WA
943,PUGET SOUND ENERGY INC||CITY OF TACOMA - (WA),WA
944,BONNEVILLE POWER ADMINISTRATION||PUD NO 1 OF CLARK COUNTY - (WA),WA
945,PUGET SOUND ENERGY INC||CITY OF TACOMA - (WA),WA
946,CITY OF SEATTLE - (WA)|CITY OF TACOMA - (WA),WA
947,CITY OF SEATTLE - (WA)|CITY OF TACOMA - (WA),WA
948,BONNEVILLE POWER ADMINISTRATION||PUGET SOUND ENERGY INC||PUD NO 1 OF JEFFERSON COUNTY,Unknown
949,PUGET SOUND ENERGY INC,Unknown
950,CITY OF SEATTLE - (WA)|CITY OF TACOMA - (WA),WA
951,PUGET SOUND ENERGY INC||CITY OF TACOMA - (WA),WA
952,PUGET SOUND ENERGY INC||CITY OF TACOMA - (WA),WA
953,PUGET SOUND ENERGY INC,Unknown
954,PUGET SOUND ENERGY INC||CITY OF TACOMA - (WA),WA
955,PUGET SOUND ENERGY INC||CITY OF TACOMA - (WA),WA
956,PUGET SOUND ENERGY INC||CITY OF TACOMA - (WA),WA
957,PUGET SOUND ENERGY INC||CITY OF TACOMA - (WA),WA
958,PUGET SOUND ENERGY INC||CITY OF TACOMA - (WA),WA
959,PUGET SOUND ENERGY INC||CITY OF TACOMA - (WA),WA
960,CITY OF SEATTLE - (WA)|CITY OF TACOMA - (WA),WA
961,PUGET SOUND ENERGY INC||CITY OF TACOMA - (WA),WA
962,CITY OF SEATTLE - (WA)|CITY OF TACOMA - (WA),WA
963,CITY OF SEATTLE - (WA)|CITY OF TACOMA - (WA),WA
964,CITY OF SEATTLE - (WA)|CITY OF TACOMA - (WA),WA
965,PACIFICORP,Unknown
966,PUGET SOUND ENERGY INC,Unknown
967,PUGET SOUND ENERGY INC||CITY OF TACOMA - (WA),WA
968,PUGET SOUND ENERGY INC||CITY OF TACOMA - (WA),WA
969,BONNEVILLE POWER ADMINISTRATION||PUD NO 1 OF CLARK COUNTY - (WA),WA
970,CITY OF SEATTLE - (WA)|CITY OF TACOMA - (WA),WA
971,CITY OF SEATTLE - (WA)|CITY OF TACOMA - (WA),WA
972,CITY OF SEATTLE - (WA)|CITY OF TACOMA - (WA),WA
973,BONNEVILLE POWER ADMINISTRATION||PUD NO 1 OF CLARK COUNTY - (WA),WA
974,CITY OF SEATTLE - (WA)|CITY OF TACOMA - (WA),WA
975,PUGET SOUND ENERGY INC||CITY OF TACOMA - (WA),WA
976,PUGET SOUND ENERGY INC,Unknown
977,BONNEVILLE POWER ADMINISTRATION||PUD NO 1 OF CLARK COUNTY - (WA),WA
978,PUGET SOUND ENERGY INC||CITY OF TACOMA - (WA),WA
979,BONNEVILLE POWER ADMINISTRATION||PUD NO 1 OF CLARK COUNTY - (WA),WA
980,PUGET SOUND ENERGY INC,Unknown
981,PUGET SOUND ENERGY INC||CITY OF TACOMA - (WA),WA
982,CITY OF SEATTLE - (WA)|CITY OF TACOMA - (WA),WA
983,PUGET SOUND ENERGY INC||CITY OF TACOMA - (WA),WA
984,BONNEVILLE POWER ADMINISTRATION||PUD NO 1 OF CLARK COUNTY - (WA),WA
985,PUGET SOUND ENERGY INC||CITY OF TACOMA - (WA),WA
986,BONNEVILLE POWER ADMINISTRATION||PUD NO 1 OF CLARK COUNTY - (WA),WA
987,PUGET SOUND ENERGY INC||CITY OF TACOMA - (WA),WA
988,PUGET SOUND ENERGY INC||CITY OF TACOMA - (WA),WA
989,PUGET SOUND ENERGY INC,Unknown
990,PUGET SOUND ENERGY INC,Unknown
991,BONNEVILLE POWER ADMINISTRATION||PUD NO 1 OF CLARK COUNTY - (WA),WA
992,PUGET SOUND ENERGY INC,Unknown
993,PUGET SOUND ENERGY INC||CITY OF TACOMA - (WA),WA
994,PUGET SOUND ENERGY INC||CITY OF TACOMA - (WA),WA
995,PUGET SOUND ENERGY INC||CITY OF TACOMA - (WA),WA
996,PUGET SOUND ENERGY INC||CITY OF TACOMA - (WA),WA
997,CITY OF SEATTLE - (WA)|CITY OF TACOMA - (WA),WA
998,PUGET SOUND ENERGY INC||CITY OF TACOMA - (WA),WA
999,PUGET SOUND ENERGY INC||CITY OF TACOMA - (WA),WA
1000,PUGET SOUND ENERGY INC||CITY OF TACOMA - (WA),WA
1001,CITY OF SEATTLE - (WA)|CITY OF TACOMA - (WA),WA
1002,PUGET SOUND ENERGY INC||CITY OF TACOMA - (WA),WA
1003,PUGET SOUND ENERGY INC||CITY OF TACOMA - (WA),WA
1004,PUGET SOUND ENERGY INC||CITY OF TACOMA - (WA),WA
1005,CITY OF SEATTLE - (WA)|CITY OF TACOMA - (WA),WA
1006,PUGET SOUND ENERGY INC||CITY OF TACOMA - (WA),WA
1007,CITY OF SEATTLE - (WA)|CITY OF TACOMA - (WA),WA
1008,CITY OF SEATTLE - (WA)|CITY OF TACOMA - (WA),WA
1009,BONNEVILLE POWER ADMINISTRATION||PUD NO 1 OF CLARK COUNTY - (WA),WA
1010,PUGET SOUND ENERGY INC||CITY OF TACOMA - (WA),WA
1011,PUGET SOUND ENERGY INC||CITY OF TACOMA - (WA),WA
1012,PUGET SOUND ENERGY INC||CITY OF TACOMA - (WA),WA
1013,PUGET SOUND ENERGY INC||CITY OF TACOMA - (WA),WA
1014,CITY OF SEATTLE - (WA)|CITY OF TACOMA - (WA),WA
1015,CITY OF SEATTLE - (WA)|CITY OF TACOMA - (WA),WA
1016,PUGET SOUND ENERGY INC||CITY OF TACOMA - (WA),WA
1017,PUGET SOUND ENERGY INC||CITY OF TACOMA - (WA),WA
1018,PUGET SOUND ENERGY INC,Unknown
1019,PUGET SOUND ENERGY INC,Unknown
1020,PUGET SOUND ENERGY INC||CITY OF TACOMA - (WA),WA
1021,PUGET SOUND ENERGY INC||CITY OF TACOMA - (WA),WA
1022,BONNEVILLE POWER ADMINISTRATION||PUGET SOUND ENERGY INC||PUD NO 1 OF JEFFERSON COUNTY,Unknown
1023,PUGET SOUND ENERGY INC||CITY OF TACOMA - (WA),WA
1024,PUGET SOUND ENERGY INC||CITY OF TACOMA - (WA),WA
1025,BONNEVILLE POWER ADMINISTRATION||PUD NO 1 OF CLARK COUNTY - (WA),WA
1026,PUGET SOUND ENERGY INC||CITY OF TACOMA - (WA),WA
1027,PUGET SOUND ENERGY INC||CITY OF TACOMA - (WA),WA
1028,PUGET SOUND ENERGY INC||CITY OF TACOMA - (WA),WA
1029,PUGET SOUND ENERGY INC||CITY OF TACOMA - (WA),WA
1030,PUGET SOUND ENERGY INC||CITY OF TACOMA - (WA),WA
1031,PUGET SOUND ENERGY INC||CITY OF TACOMA - (WA),WA
1032,PUGET SOUND ENERGY INC,Unknown
1033,PUGET SOUND ENERGY INC||CITY OF TACOMA - (WA),WA
1034,PUGET SOUND ENERGY INC,Unknown
1035,PUGET SOUND ENERGY INC||CITY OF TACOMA - (WA),WA
1036,CITY OF SEATTLE - (WA)|CITY OF TACOMA - (WA),WA
1037,CITY OF SEATTLE - (WA)|CITY OF TACOMA - (WA),WA
1038,PUGET SOUND ENERGY INC,Unknown
1039,PUGET SOUND ENERGY INC||CITY OF TACOMA - (WA),WA
1040,PUGET SOUND ENERGY INC||CITY OF TACOMA - (WA),WA
1041,PUGET SOUND ENERGY INC,Unknown
1042,CITY OF SEATTLE - (WA)|CITY OF TACOMA - (WA),WA
1043,PUGET SOUND ENERGY INC,Unknown
1044,PUGET SOUND ENERGY INC||CITY OF TACOMA - (WA),WA
1045,CITY OF SEATTLE - (WA)|CITY OF TACOMA - (WA),WA
1046,PUGET SOUND ENERGY INC||CITY OF TACOMA - (WA),WA
1047,PUGET SOUND ENERGY INC||CITY OF TACOMA - (WA),WA
1048,PUGET SOUND ENERGY INC||CITY OF TACOMA - (WA),WA
1049,PUGET SOUND ENERGY INC||CITY OF TACOMA - (WA),WA
1050,PUGET SOUND ENERGY INC||CITY OF TACOMA - (WA),WA
1051,PUGET SOUND ENERGY INC||CITY OF TACOMA - (WA),WA
1052,PUGET SOUND ENERGY INC||CITY OF TACOMA - (WA),WA
1053,PUGET SOUND ENERGY INC||CITY OF TACOMA - (WA),WA
1054,CITY OF SEATTLE - (WA)|CITY OF TACOMA - (WA),WA
1055,CITY OF SEATTLE - (WA)|CITY OF TACOMA - (WA),WA
1056,PUGET SOUND ENERGY INC||CITY OF TACOMA - (WA),WA
1057,PUGET SOUND ENERGY INC||CITY OF TACOMA - (WA),WA
1058,PUGET SOUND ENERGY INC,Unknown
1059,BONNEVILLE POWER ADMINISTRATION||PUD NO 1 OF CLARK COUNTY - (WA),WA
1060,CITY OF SEATTLE - (WA)|CITY OF TACOMA - (WA),WA
1061,CITY OF SEATTLE - (WA)|CITY OF TACOMA - (WA),WA
1062,CITY OF SEATTLE - (WA)|CITY OF TACOMA - (WA),WA
1063,CITY OF SEATTLE - (WA)|CITY OF TACOMA - (WA),WA
1064,PUGET SOUND ENERGY INC||CITY OF TACOMA - (WA),WA
1065,CITY OF SEATTLE - (WA)|CITY OF TACOMA - (WA),WA
1066,PUGET SOUND ENERGY INC||CITY OF TACOMA - (WA),WA
1067,PUGET SOUND ENERGY INC||CITY OF TACOMA - (WA),WA
1068,PUGET SOUND ENERGY INC||CITY OF TACOMA - (WA),WA
1069,PUGET SOUND ENERGY INC||CITY OF TACOMA - (WA),WA
1070,CITY OF SEATTLE - (WA)|CITY OF TACOMA - (WA),WA
1071,CITY OF SEATTLE - (WA)|CITY OF TACOMA - (WA),WA
1072,PUGET SOUND ENERGY INC||CITY OF TACOMA - (WA),WA
1073,CITY OF SEATTLE - (WA)|CITY OF TACOMA - (WA),WA
1074,PUGET SOUND ENERGY INC||CITY OF TACOMA - (WA),WA
1075,CITY OF SEATTLE - (WA)|CITY OF TACOMA - (WA),WA
1076,CITY OF SEATTLE - (WA)|CITY OF TACOMA - (WA),WA
1077,PUGET SOUND ENERGY INC||CITY OF TACOMA - (WA),WA
1078,PUGET SOUND ENERGY INC||CITY OF TACOMA - (WA),WA
1079,PUGET SOUND ENERGY INC||CITY OF TACOMA - (WA),WA
1080,PUGET SOUND ENERGY INC||CITY OF TACOMA - (WA),WA
1081,BONNEVILLE POWER ADMINISTRATION||PUD NO 1 OF CLARK COUNTY - (WA),WA
1082,CITY OF SEATTLE - (WA)|CITY OF TACOMA - (WA),WA
1083,BONNEVILLE POWER ADMINISTRATION||PUD NO 1 OF CLARK COUNTY - (WA),WA
1084,PUGET SOUND ENERGY INC,Unknown
1085,PUGET SOUND ENERGY INC||CITY OF TACOMA - (WA),WA
1086,CITY OF SEATTLE - (WA)|CITY OF TACOMA - (WA),WA
1087,PUGET SOUND ENERGY INC||CITY OF TACOMA - (WA),WA
1088,CITY OF SEATTLE - (WA)|CITY OF TACOMA - (WA),WA
1089,BONNEVILLE POWER ADMINISTRATION||PUD NO 1 OF CLARK COUNTY - (WA),WA
1090,CITY OF SEATTLE - (WA)|CITY OF TACOMA - (WA),WA
1091,CITY OF SEATTLE - (WA)|CITY OF TACOMA - (WA),WA
1092,PUGET SOUND ENERGY INC,Unknown
1093,PUGET SOUND ENERGY INC||CITY OF TACOMA - (WA),WA
1094,PUGET SOUND ENERGY INC||CITY OF TACOMA - (WA),WA
1095,PUGET SOUND ENERGY INC||CITY OF TACOMA - (WA),WA
1096,PUGET SOUND ENERGY INC||CITY OF TACOMA - (WA),WA
